x,y,z,pitch,yaw,roll
-39.93122863769531,140.46578979492188,2.0,0.0,0.35211181640625,0.0
-38.763790130615234,140.47296142578125,0.0,0.0,0.35211181640625,0.0
-37.608428955078125,140.48007202148438,0.0,0.0,0.35211181640625,0.0
-36.45387649536133,140.48715209960938,0.0,0.0,0.35211181640625,0.0
-35.297672271728516,140.4942626953125,0.0,0.0,0.35211181640625,0.0
-34.1251335144043,140.50146484375,0.0,0.0,0.35211181640625,0.0
-32.94629669189453,140.50872802734375,0.0,0.0,0.35211181640625,0.0
-31.775737762451172,140.51593017578125,0.0,0.0,0.35211181640625,0.0
-30.599802017211914,140.52313232421875,0.0,0.0,0.35211181640625,0.0
-29.40633201599121,140.53048706054688,0.0,0.0,0.35211181640625,0.0
-28.349933624267578,140.53695678710938,0.0,0.0,0.3521270751953125,0.0
-27.349609375,140.54312133789062,0.0,0.0,0.3521270751953125,0.0
-26.30812644958496,140.54949951171875,0.0,0.0,0.3521270751953125,0.0
-25.267107009887695,140.555908203125,0.0,0.0,0.3521270751953125,0.0
-24.226886749267578,140.56231689453125,0.0,0.0,0.3521270751953125,0.0
-23.203332901000977,140.568603515625,0.0,0.0,0.3521270751953125,0.0
-22.134979248046875,140.57516479492188,0.0,0.0,0.3521270751953125,0.0
-21.059404373168945,140.58175659179688,0.0,0.0,0.3521270751953125,0.0
-20.022632598876953,140.588134765625,0.0,0.0,0.3521270751953125,0.0
-18.9688663482666,140.5946044921875,0.0,0.0,0.3521270751953125,0.0
-17.904569625854492,140.60116577148438,0.0,0.0,0.3521270751953125,0.0
-16.839481353759766,140.60769653320312,0.0,0.0,0.3521270751953125,0.0
-15.749090194702148,140.61441040039062,0.0,0.0,0.3521270751953125,0.0
-14.689009666442871,140.62091064453125,0.0,0.0,0.3521270751953125,0.0
-13.644134521484375,140.62734985351562,0.0,0.0,0.3521270751953125,0.0
-12.603240013122559,140.63372802734375,0.0,0.0,0.3521270751953125,0.0
-11.542662620544434,140.6402587890625,0.0,0.0,0.3521270751953125,0.0
-10.439591407775879,140.64703369140625,0.0,0.0,0.3521270751953125,0.0
-9.404471397399902,140.65341186523438,0.0,0.0,0.3521270751953125,0.0
-8.30587100982666,140.66015625,0.0,0.0,0.3521270751953125,0.0
-7.2980804443359375,140.66635131835938,0.0,0.0,0.3521270751953125,0.0
-6.257824420928955,140.6727294921875,0.0,0.0,0.3521270751953125,0.0
-5.216483116149902,140.67913818359375,0.0,0.0,0.3521270751953125,0.0
-4.168073654174805,140.68557739257812,0.0,0.0,0.3521270751953125,0.0
-3.1256682872772217,140.69198608398438,0.0,0.0,0.3521270751953125,0.0
-2.078479051589966,140.69842529296875,0.0,0.0,0.3521270751953125,0.0
-1.0040862560272217,140.70501708984375,0.0,0.0,0.3521270751953125,0.0
0.054618384689092636,140.71151733398438,0.0,0.0,0.352119117975235,0.0
1.1187245845794678,140.71807861328125,0.0,0.0,0.352119117975235,0.0
2.1756210327148438,140.7252655029297,0.0,0.0,0.4491310715675354,0.0
3.223712921142578,140.73460388183594,0.0,0.0,0.5705128908157349,0.0
4.245449066162109,140.74583435058594,0.0,0.0,0.6888447403907776,0.0
5.25358772277832,140.75900268554688,0.0,0.0,0.8056047558784485,0.0
6.263584613800049,140.7742156982422,0.0,0.0,0.922583281993866,0.0
7.29604434967041,140.7919158935547,0.0,0.0,1.0421675443649292,0.0
8.33122444152832,140.8118438720703,0.0,0.0,1.1620713472366333,0.0
9.368640899658203,140.8331298828125,0.0,0.0,1.1775866746902466,0.0
10.38992977142334,140.8541259765625,0.0,0.0,1.171788215637207,0.0
11.339298248291016,140.8726348876953,0.0,0.0,1.0641084909439087,0.0
12.287392616271973,140.88937377929688,0.0,0.0,0.9565772414207458,0.0
13.345194816589355,140.90589904785156,0.0,0.0,0.8366067409515381,0.0
14.384031295776367,140.92002868652344,0.0,0.0,0.7187910079956055,0.0
15.421850204467773,140.9319610595703,0.0,0.0,0.601093590259552,0.0
16.469877243041992,140.94189453125,0.0,0.0,0.4822410047054291,0.0
17.506393432617188,140.9495391845703,0.0,0.0,0.3646959960460663,0.0
18.55179214477539,140.95555114746094,0.0,0.0,0.32044845819473267,0.0
19.59693145751953,140.96141052246094,0.0,0.0,0.32044845819473267,0.0
20.617719650268555,140.9671173095703,0.0,0.0,0.32044845819473267,0.0
21.655595779418945,140.97291564941406,0.0,0.0,0.32044845819473267,0.0
22.683425903320312,140.97866821289062,0.0,0.0,0.32044845819473267,0.0
23.72047233581543,140.98446655273438,0.0,0.0,0.32044845819473267,0.0
24.74249267578125,140.9901885986328,0.0,0.0,0.32044845819473267,0.0
25.769821166992188,140.9959259033203,0.0,0.0,0.32044845819473267,0.0
26.789522171020508,141.0016326904297,0.0,0.0,0.32044845819473267,0.0
27.823514938354492,141.00741577148438,0.0,0.0,0.32044845819473267,0.0
28.843299865722656,141.01312255859375,0.0,0.0,0.32044845819473267,0.0
29.859046936035156,141.018798828125,0.0,0.0,0.32044845819473267,0.0
30.89383888244629,141.0245819091797,0.0,0.0,0.32044845819473267,0.0
31.939430236816406,141.0304412841797,0.0,0.0,0.32044845819473267,0.0
32.96276092529297,141.03616333007812,0.0,0.0,0.32044845819473267,0.0
34.054622650146484,141.04226684570312,0.0,0.0,0.32044845819473267,0.0
35.113773345947266,141.04818725585938,0.0,0.0,0.32044845819473267,0.0
36.129024505615234,141.05386352539062,0.0,0.0,0.32044845819473267,0.0
37.14498519897461,141.05955505371094,0.0,0.0,0.32044845819473267,0.0
38.15787124633789,141.06521606445312,0.0,0.0,0.32044845819473267,0.0
39.21195602416992,141.07110595703125,0.0,0.0,0.32044845819473267,0.0
40.23457717895508,141.0768280029297,0.0,0.0,0.32044845819473267,0.0
41.27584457397461,141.08265686035156,0.0,0.0,0.32044845819473267,0.0
42.31803512573242,141.08848571777344,0.0,0.0,0.32044845819473267,0.0
43.36287307739258,141.09432983398438,0.0,0.0,0.32044845819473267,0.0
44.41134262084961,141.10018920898438,0.0,0.0,0.32044845819473267,0.0
45.4445915222168,141.10597229003906,0.0,0.0,0.32044845819473267,0.0
46.46950149536133,141.1116943359375,0.0,0.0,0.32044845819473267,0.0
47.50776290893555,141.1175079345703,0.0,0.0,0.32044845819473267,0.0
48.526126861572266,141.12319946289062,0.0,0.0,0.32044845819473267,0.0
49.53879165649414,141.1288604736328,0.0,0.0,0.32044845819473267,0.0
50.54939651489258,141.134521484375,0.0,0.0,0.32044845819473267,0.0
51.65175247192383,141.14068603515625,0.0,0.0,0.32044845819473267,0.0
52.67477035522461,141.1464080810547,0.0,0.0,0.32044845819473267,0.0
53.78647994995117,141.15261840820312,0.0,0.0,0.32044845819473267,0.0
54.79806137084961,141.1582794189453,0.0,0.0,0.32044845819473267,0.0
55.809505462646484,141.1639404296875,0.0,0.0,0.32044845819473267,0.0
56.81222915649414,141.16954040527344,0.0,0.0,0.32044845819473267,0.0
57.90375900268555,141.1756591796875,0.0,0.0,0.32044845819473267,0.0
59.01279067993164,141.18185424804688,0.0,0.0,0.32044845819473267,0.0
60.014957427978516,141.1874542236328,0.0,0.0,0.32044845819473267,0.0
61.06076431274414,141.1933135986328,0.0,0.0,0.32044845819473267,0.0
62.15304183959961,141.1994171142578,0.0,0.0,0.32044845819473267,0.0
63.23918533325195,141.2054901123047,0.0,0.0,0.32044845819473267,0.0
64.33844757080078,141.21163940429688,0.0,0.0,0.32044845819473267,0.0
65.54674530029297,141.208740234375,0.0,0.0,359.0841085910797,0.0
66.57244873046875,141.17965698242188,0.0,0.0,357.668576002121,0.0
67.81427001953125,141.11045837402344,0.0,0.0,355.95279932022095,0.0
68.88813781738281,141.0204620361328,0.0,0.0,354.46618127822876,0.0
70.1539535522461,140.87820434570312,0.0,0.0,352.70897483825684,0.0
71.32999420166016,140.7106170654297,0.0,0.0,351.07020473480225,0.0
72.71517181396484,140.46885681152344,0.0,0.0,349.13041591644287,0.0
74.02332305908203,140.19578552246094,0.0,0.0,347.28687953948975,0.0
75.52273559570312,139.82810974121094,0.0,0.0,345.1570739746094,0.0
76.94322204589844,139.42449951171875,0.0,0.0,343.11988067626953,0.0
78.23619079589844,139.00894165039062,0.0,0.0,341.24632835388184,0.0
79.5506591796875,138.53787231445312,0.0,0.0,339.32003593444824,0.0
80.58191680908203,138.1328125,0.0,0.0,337.7915859222412,0.0
81.75021362304688,137.63485717773438,0.0,0.0,336.03960037231445,0.0
82.64521026611328,137.22434997558594,0.0,0.0,334.68127632141113,0.0
83.66780853271484,136.72329711914062,0.0,0.0,333.1103343963623,0.0
84.45022583007812,136.31602478027344,0.0,0.0,331.89352798461914,0.0
85.33070373535156,135.8319854736328,0.0,0.0,330.50745582580566,0.0
86.12206268310547,135.372802734375,0.0,0.0,329.2453269958496,0.0
86.87726593017578,134.9124755859375,0.0,0.0,328.02521896362305,0.0
87.76251220703125,134.34414672851562,0.0,0.0,326.57401275634766,0.0
88.49198150634766,133.85150146484375,0.0,0.0,325.35971450805664,0.0
89.24451446533203,133.31915283203125,0.0,0.0,324.0881042480469,0.0
89.91999053955078,132.81947326660156,0.0,0.0,322.9290466308594,0.0
90.58365631103516,132.30747985839844,0.0,0.0,321.7727394104004,0.0
91.29603576660156,131.7335205078125,0.0,0.0,320.5107421875,0.0
91.88373565673828,131.24005126953125,0.0,0.0,319.4521179199219,0.0
92.57453155517578,130.63571166992188,0.0,0.0,318.1859474182129,0.0
93.35235595703125,129.92190551757812,0.0,0.0,316.7295799255371,0.0
93.99708557128906,129.3017578125,0.0,0.0,315.4955177307129,0.0
94.65550231933594,128.63990783691406,0.0,0.0,314.2076530456543,0.0
95.18276977539062,128.08779907226562,0.0,0.0,313.15450286865234,0.0
95.81040954589844,127.40318298339844,0.0,0.0,311.87324142456055,0.0
96.52391052246094,126.58599853515625,0.0,0.0,310.3766899108887,0.0
97.1021957397461,125.89097595214844,0.0,0.0,309.20080947875977,0.0
97.74242401123047,125.0905990600586,0.0,0.0,308.11180114746094,0.0
98.24144744873047,124.44441986083984,0.0,0.0,307.24432373046875,0.0
98.78411865234375,123.71802520751953,0.0,0.0,306.2809143066406,0.0
99.285888671875,123.02294921875,0.0,0.0,305.370059967041,0.0
99.79440307617188,122.29396057128906,0.0,0.0,304.4256706237793,0.0
100.38739776611328,121.41016387939453,0.0,0.0,303.2948188781738,0.0
100.90105438232422,120.61285400390625,0.0,0.0,302.2870750427246,0.0
101.44831085205078,119.72795867919922,0.0,0.0,301.181583404541,0.0
101.93891143798828,118.90071868896484,0.0,0.0,300.1596794128418,0.0
102.45317840576172,117.9957046508789,0.0,0.0,299.05367279052734,0.0
102.91993713378906,117.13726043701172,0.0,0.0,298.0154571533203,0.0
103.39892578125,116.2156982421875,0.0,0.0,296.9119110107422,0.0
103.80057525634766,115.40774536132812,0.0,0.0,295.95323181152344,0.0
104.23514556884766,114.4931869506836,0.0,0.0,294.87735748291016,0.0
104.66854095458984,113.53411102294922,0.0,0.0,293.7591094970703,0.0
105.07815551757812,112.5787353515625,0.0,0.0,292.6546401977539,0.0
105.47734069824219,111.5951919555664,0.0,0.0,291.5268020629883,0.0
105.83416748046875,110.66553497314453,0.0,0.0,290.46875762939453,0.0
106.19044494628906,109.6820297241211,0.0,0.0,289.35730743408203,0.0
106.51458740234375,108.73115539550781,0.0,0.0,288.28990173339844,0.0
106.8449935913086,107.69667053222656,0.0,0.0,287.1360397338867,0.0
107.12281799316406,106.76590728759766,0.0,0.0,286.10396575927734,0.0
107.40801239013672,105.74019622802734,0.0,0.0,284.9727783203125,0.0
107.66722106933594,104.73209381103516,0.0,0.0,283.86680603027344,0.0
107.91510009765625,103.6829833984375,0.0,0.0,282.72142028808594,0.0
108.12051391601562,102.73332977294922,0.0,0.0,281.6890563964844,0.0
108.3253402709961,101.69175720214844,0.0,0.0,280.56116485595703,0.0
108.50336456298828,100.68395233154297,0.0,0.0,279.4737777709961,0.0
108.66358947753906,99.66364288330078,0.0,0.0,278.3763885498047,0.0
108.82305908203125,98.4915771484375,0.0,0.0,277.11956787109375,0.0
108.95001220703125,97.38187408447266,0.0,0.0,275.9327850341797,0.0
109.05243682861328,96.28791809082031,0.0,0.0,274.7653579711914,0.0
109.1317367553711,95.20514678955078,0.0,0.0,273.61180877685547,0.0
109.19110107421875,94.07671356201172,0.0,0.0,272.41114807128906,0.0
109.2291259765625,92.8313980102539,0.0,0.0,271.08736419677734,0.0
109.24041748046875,91.76134490966797,0.0,0.0,270.3907470703125,0.0
109.24734497070312,90.74504089355469,0.0,0.0,270.3907470703125,0.0
109.25436401367188,89.71556854248047,0.0,0.0,270.3907470703125,0.0
109.26123809814453,88.70792388916016,0.0,0.0,270.3907470703125,0.0
109.26826477050781,87.67790222167969,0.0,0.0,270.3907470703125,0.0
109.27520751953125,86.65966796875,0.0,0.0,270.3907470703125,0.0
109.28221893310547,85.63131713867188,0.0,0.0,270.3907470703125,0.0
109.28923797607422,84.60224914550781,0.0,0.0,270.3907470703125,0.0
109.29640197753906,83.55199432373047,0.0,0.0,270.3907470703125,0.0
109.3036117553711,82.49475860595703,0.0,0.0,270.3907775878906,0.0
109.31084442138672,81.43390655517578,0.0,0.0,270.3907775878906,0.0
109.31806182861328,80.37600708007812,0.0,0.0,270.3907775878906,0.0
109.32549285888672,79.28630828857422,0.0,0.0,270.3907775878906,0.0
109.33325958251953,78.14649200439453,0.0,0.0,270.3907775878906,0.0
109.34039306640625,77.10130310058594,0.0,0.0,270.3907775878906,0.0
109.3473892211914,76.07554626464844,0.0,0.0,270.3907775878906,0.0
109.3552017211914,74.93013763427734,0.0,0.0,270.3907775878906,0.0
109.36225891113281,73.8949203491211,0.0,0.0,270.3907775878906,0.0
109.36932373046875,72.85919189453125,0.0,0.0,270.3907775878906,0.0
109.37625885009766,71.84288787841797,0.0,0.0,270.3907775878906,0.0
109.38316345214844,70.83058166503906,0.0,0.0,270.3907775878906,0.0
109.39067077636719,69.72931671142578,0.0,0.0,270.3907775878906,0.0
109.39808654785156,68.64252471923828,0.0,0.0,270.3907775878906,0.0
109.40535736083984,67.5753173828125,0.0,0.0,270.3907775878906,0.0
109.41275787353516,66.49028778076172,0.0,0.0,270.3907775878906,0.0
109.42011260986328,65.41207885742188,0.0,0.0,270.3907775878906,0.0
109.42756652832031,64.31880950927734,0.0,0.0,270.3907775878906,0.0
109.43490600585938,63.24364471435547,0.0,0.0,270.3907775878906,0.0
109.44230651855469,62.15765380859375,0.0,0.0,270.3907775878906,0.0
109.44965362548828,61.08064651489258,0.0,0.0,270.3907775878906,0.0
109.4570083618164,60.00247573852539,0.0,0.0,270.3907775878906,0.0
109.46440124511719,58.918365478515625,0.0,0.0,270.3907775878906,0.0
109.47176361083984,57.83879852294922,0.0,0.0,270.3907775878906,0.0
109.4790267944336,56.773040771484375,0.0,0.0,270.3907775878906,0.0
109.48638916015625,55.69361114501953,0.0,0.0,270.3907775878906,0.0
109.49401092529297,54.576011657714844,0.0,0.0,270.3907775878906,0.0
109.5013427734375,53.50061798095703,0.0,0.0,270.3907775878906,0.0
109.50873565673828,52.41704559326172,0.0,0.0,270.3907470703125,0.0
109.515869140625,51.37152862548828,0.0,0.0,270.3907470703125,0.0
109.52271270751953,50.36758804321289,0.0,0.0,270.3907470703125,0.0
109.53005981445312,49.289939880371094,0.0,0.0,270.3907470703125,0.0
109.53749084472656,48.20135498046875,0.0,0.0,270.3907470703125,0.0
109.54457092285156,47.16245651245117,0.0,0.0,270.3907470703125,0.0
109.55180358886719,46.10204315185547,0.0,0.0,270.3907470703125,0.0
109.55899810791016,45.04690170288086,0.0,0.0,270.3907470703125,0.0
109.5660171508789,44.01826095581055,0.0,0.0,270.3907470703125,0.0
109.57284545898438,43.01650619506836,0.0,0.0,270.3907470703125,0.0
109.57997131347656,41.97165298461914,0.0,0.0,270.3907470703125,0.0
109.58696746826172,40.94544982910156,0.0,0.0,270.3907470703125,0.0
109.59382629394531,39.93971633911133,0.0,0.0,270.3907470703125,0.0
109.6007080078125,38.93134689331055,0.0,0.0,270.3907470703125,0.0
109.60755920410156,37.92694091796875,0.0,0.0,270.3907470703125,0.0
109.61466979980469,36.88426208496094,0.0,0.0,270.3907470703125,0.0
109.6216812133789,35.85635757446289,0.0,0.0,270.3907470703125,0.0
109.62870788574219,34.825252532958984,0.0,0.0,270.3907470703125,0.0
109.63571166992188,33.79856872558594,0.0,0.0,270.3907470703125,0.0
109.64254760742188,32.7958984375,0.0,0.0,270.3907470703125,0.0
109.64955139160156,31.76893424987793,0.0,0.0,270.3907470703125,0.0
109.65644073486328,30.7595272064209,0.0,0.0,270.3907470703125,0.0
109.66350555419922,29.723344802856445,0.0,0.0,270.3907470703125,0.0
109.67037963867188,28.715242385864258,0.0,0.0,270.3907470703125,0.0
109.67724609375,27.708627700805664,0.0,0.0,270.3907470703125,0.0
109.68463134765625,26.625165939331055,0.0,0.0,270.3907470703125,0.0
109.69202423095703,25.54145050048828,0.0,0.0,270.3907470703125,0.0
109.69888305664062,24.535791397094727,0.0,0.0,270.3907470703125,0.0
109.70592498779297,23.50362205505371,0.0,0.0,270.3907470703125,0.0
109.71308898925781,22.45294189453125,0.0,0.0,270.3907470703125,0.0
109.72056579589844,21.356355667114258,0.0,0.0,270.3907470703125,0.0
109.72813415527344,20.246801376342773,0.0,0.0,270.3907470703125,0.0
109.73546600341797,19.172311782836914,0.0,0.0,270.3907470703125,0.0
109.74237823486328,18.15867805480957,0.0,0.0,270.3907470703125,0.0
109.74934387207031,17.136991500854492,0.0,0.0,270.3907470703125,0.0
109.75650787353516,16.086658477783203,0.0,0.0,270.3907470703125,0.0
109.76398468017578,14.990607261657715,0.0,0.0,270.3907470703125,0.0
109.77149963378906,13.888602256774902,0.0,0.0,270.3907470703125,0.0
109.7784423828125,12.870440483093262,0.0,0.0,270.3907470703125,0.0
109.78556823730469,11.825465202331543,0.0,0.0,270.3907470703125,0.0
109.79251098632812,10.807806968688965,0.0,0.0,270.3907470703125,0.0
109.79981994628906,9.735438346862793,0.0,0.0,270.3907470703125,0.0
109.80697631835938,8.686503410339355,0.0,0.0,270.3907470703125,0.0
109.81428527832031,7.614558219909668,0.0,0.0,270.3907470703125,0.0
109.8217544555664,6.519625663757324,0.0,0.0,270.3907470703125,0.0
109.82862091064453,5.513052940368652,0.0,0.0,270.3907470703125,0.0
109.83618927001953,4.403426170349121,0.0,0.0,270.3907470703125,0.0
109.84314727783203,3.3829641342163086,0.0,0.0,270.3907470703125,0.0
109.85038757324219,2.320845603942871,0.0,0.0,270.3907470703125,0.0
109.8578872680664,1.221831202507019,0.0,0.0,270.3907470703125,0.0
109.86544799804688,0.11278808116912842,0.0,0.0,270.3907470703125,0.0
109.87297058105469,-0.9907046556472778,0.0,0.0,270.3907470703125,0.0
109.87983703613281,-1.9969912767410278,0.0,0.0,270.3907470703125,0.0
109.88690185546875,-3.03316593170166,0.0,0.0,270.3907470703125,0.0
109.89411163330078,-4.090093612670898,0.0,0.0,270.3907775878906,0.0
109.90119171142578,-5.128210067749023,0.0,0.0,270.3907470703125,0.0
109.90802764892578,-6.130057334899902,0.0,0.0,270.3907470703125,0.0
109.91555786132812,-7.234021186828613,0.0,0.0,270.3907470703125,0.0
109.92308044433594,-8.337632179260254,0.0,0.0,270.3907470703125,0.0
109.93061828613281,-9.443249702453613,0.0,0.0,270.3907470703125,0.0
109.93798828125,-10.55094051361084,0.0,0.0,270.34300231933594,0.0
109.9433822631836,-11.650559425354004,0.0,0.0,270.21829986572266,0.0
109.94640350341797,-12.768168449401855,0.0,0.0,270.09156036376953,0.0
109.94696044921875,-13.856918334960938,0.0,0.0,269.96810150146484,0.0
109.94510650634766,-14.981279373168945,0.0,0.0,269.84059143066406,0.0
109.94134521484375,-16.081899642944336,0.0,0.0,269.8034973144531,0.0
109.93930053710938,-17.166038513183594,0.0,0.0,269.98016357421875,0.0
109.94058990478516,-18.246234893798828,0.0,0.0,270.15618896484375,0.0
109.94522094726562,-19.3339786529541,0.0,0.0,270.33343505859375,0.0
109.95328521728516,-20.426958084106445,0.0,0.0,270.51153564453125,0.0
109.96443939208984,-21.49474334716797,0.0,0.0,270.685546875,0.0
109.97724914550781,-22.45537757873535,0.0,0.0,270.8421325683594,0.0
109.983154296875,-23.57971954345703,0.0,0.0,269.59130096435547,0.0
109.9553451538086,-24.868633270263672,0.0,0.0,267.93736267089844,0.0
109.89093017578125,-26.147369384765625,0.0,0.0,266.29478454589844,0.0
109.80870819091797,-27.21748924255371,0.0,0.0,264.9178924560547,0.0
109.671142578125,-28.54064178466797,0.0,0.0,263.2112579345703,0.0
109.5166244506836,-29.707500457763672,0.0,0.0,261.7012252807617,0.0
109.30390167236328,-31.027219772338867,0.0,0.0,259.9862976074219,0.0
109.0758056640625,-32.22354507446289,0.0,0.0,258.4238815307617,0.0
108.75911712646484,-33.65041732788086,0.0,0.0,256.5487823486328,0.0
108.42646789550781,-34.954105377197266,0.0,0.0,254.8226776123047,0.0
108.03865051269531,-36.299861907958984,0.0,0.0,253.02593231201172,0.0
107.5854721069336,-37.701358795166016,0.0,0.0,251.13626098632812,0.0
107.10121154785156,-39.047794342041016,0.0,0.0,249.30057525634766,0.0
106.6098403930664,-40.29156494140625,0.0,0.0,247.58492279052734,0.0
106.11245727539062,-41.450687408447266,0.0,0.0,245.96675872802734,0.0
105.6758804321289,-42.39973449707031,0.0,0.0,244.62659454345703,0.0
105.14977264404297,-43.47179412841797,0.0,0.0,243.0945587158203,0.0
104.67192077636719,-44.387088775634766,0.0,0.0,241.76993560791016,0.0
104.15594482421875,-45.32121276855469,0.0,0.0,240.40090942382812,0.0
103.5532455444336,-46.3499641418457,0.0,0.0,238.8713150024414,0.0
103.04277038574219,-47.17485427856445,0.0,0.0,237.62682342529297,0.0
102.45108032226562,-48.08360290527344,0.0,0.0,236.23565673828125,0.0
101.92784881591797,-48.84893035888672,0.0,0.0,235.0463104248047,0.0
101.3141098022461,-49.70525360107422,0.0,0.0,233.69471740722656,0.0
100.74042510986328,-50.468841552734375,0.0,0.0,232.4694595336914,0.0
100.1198959350586,-51.258113861083984,0.0,0.0,231.18145751953125,0.0
99.60527038574219,-51.88597869873047,0.0,0.0,230.13998413085938,0.0
98.9823989868164,-52.61590576171875,0.0,0.0,228.90896606445312,0.0
98.26353454589844,-53.420387268066406,0.0,0.0,227.52490234375,0.0
97.61628723144531,-54.11246109008789,0.0,0.0,226.30926513671875,0.0
96.86209106445312,-54.88309860229492,0.0,0.0,224.92593383789062,0.0
96.28097534179688,-55.45224380493164,0.0,0.0,223.8824462890625,0.0
95.60548400878906,-56.088523864746094,0.0,0.0,222.6919708251953,0.0
94.86785125732422,-56.753963470458984,0.0,0.0,221.41751098632812,0.0
94.16683197021484,-57.35956573486328,0.0,0.0,220.22906494140625,0.0
93.3248519897461,-58.054351806640625,0.0,0.0,218.82862854003906,0.0
92.66983032226562,-58.57152557373047,0.0,0.0,217.75796508789062,0.0
91.9239501953125,-59.136810302734375,0.0,0.0,216.5573272705078,0.0
91.22223663330078,-59.64665603637695,0.0,0.0,215.444580078125,0.0
90.43534088134766,-60.19416427612305,0.0,0.0,214.2147674560547,0.0
89.50170135498047,-60.81205368041992,0.0,0.0,212.77845764160156,0.0
88.65119171142578,-61.346282958984375,0.0,0.0,211.48995971679688,0.0
87.73995208740234,-61.88969421386719,0.0,0.0,210.1288604736328,0.0
86.93724060058594,-62.34453201293945,0.0,0.0,208.9452362060547,0.0
85.98542022705078,-62.85601043701172,0.0,0.0,207.55902099609375,0.0
85.19599914550781,-63.25807571411133,0.0,0.0,206.42251586914062,0.0
84.27093505859375,-63.70454406738281,0.0,0.0,205.10476684570312,0.0
83.46810150146484,-64.07107543945312,0.0,0.0,203.97256469726562,0.0
82.56980895996094,-64.45877838134766,0.0,0.0,202.7174072265625,0.0
81.60147094726562,-64.85093688964844,0.0,0.0,201.37713623046875,0.0
80.70853424072266,-65.18949890136719,0.0,0.0,200.15200805664062,0.0
79.73300170898438,-65.53472900390625,0.0,0.0,198.824462890625,0.0
78.8604965209961,-65.82218933105469,0.0,0.0,197.64596557617188,0.0
77.857421875,-66.12834930419922,0.0,0.0,196.30050659179688,0.0
76.95184326171875,-66.38284301757812,0.0,0.0,195.09375,0.0
75.92526245117188,-66.64669036865234,0.0,0.0,193.7339630126953,0.0
74.86866760253906,-66.89136505126953,0.0,0.0,192.34259033203125,0.0
73.84465789794922,-67.1029052734375,0.0,0.0,191.00115966796875,0.0
72.64330291748047,-67.3194580078125,0.0,0.0,189.4351043701172,0.0
71.57787322998047,-67.48332214355469,0.0,0.0,188.0522003173828,0.0
70.39908599853516,-67.63411712646484,0.0,0.0,186.52761840820312,0.0
69.322509765625,-67.74411010742188,0.0,0.0,185.13929748535156,0.0
68.14179229736328,-67.83453369140625,0.0,0.0,183.62013244628906,0.0
67.0143814086914,-67.89157104492188,0.0,0.0,182.1719207763672,0.0
65.87725067138672,-67.92019653320312,0.0,0.0,180.712646484375,0.0
64.78694915771484,-67.9234390258789,0.0,0.0,179.97657775878906,0.0
63.70562744140625,-67.9229965209961,0.0,0.0,179.97657775878906,0.0
62.53469467163086,-67.92251586914062,0.0,0.0,179.97657775878906,0.0
61.460426330566406,-67.92208099365234,0.0,0.0,179.97657775878906,0.0
60.275917053222656,-67.92160034179688,0.0,0.0,179.97657775878906,0.0
59.10431671142578,-67.9211196899414,0.0,0.0,179.97657775878906,0.0
58.020545959472656,-67.9206771850586,0.0,0.0,179.97657775878906,0.0
56.93946838378906,-67.92023468017578,0.0,0.0,179.97657775878906,0.0
55.867366790771484,-67.91979217529297,0.0,0.0,179.97657775878906,0.0
54.796875,-67.91935729980469,0.0,0.0,179.97657775878906,0.0
53.719688415527344,-67.91891479492188,0.0,0.0,179.97657775878906,0.0
52.537540435791016,-67.9184341430664,0.0,0.0,179.97657775878906,0.0
51.46656036376953,-67.91799926757812,0.0,0.0,179.97657775878906,0.0
50.3891716003418,-67.91755676269531,0.0,0.0,179.97657775878906,0.0
49.305484771728516,-67.9171142578125,0.0,0.0,179.97657775878906,0.0
48.22569274902344,-67.91667175292969,0.0,0.0,179.97657775878906,0.0
47.13832092285156,-67.91622924804688,0.0,0.0,179.97657775878906,0.0
46.06240463256836,-67.91578674316406,0.0,0.0,179.97657775878906,0.0
44.99156188964844,-67.91535186767578,0.0,0.0,179.97657775878906,0.0
43.916542053222656,-67.91490936279297,0.0,0.0,179.97657775878906,0.0
42.81957244873047,-67.91446685791016,0.0,0.0,179.97657775878906,0.0
41.73019790649414,-67.91401672363281,0.0,0.0,179.97657775878906,0.0
40.629005432128906,-67.91356658935547,0.0,0.0,179.97657775878906,0.0
39.45336151123047,-67.9130859375,0.0,0.0,179.97657775878906,0.0
38.279518127441406,-67.91261291503906,0.0,0.0,179.97657775878906,0.0
37.19890594482422,-67.91217041015625,0.0,0.0,179.97657775878906,0.0
36.1153450012207,-67.91172790527344,0.0,0.0,179.97657775878906,0.0
35.00531005859375,-67.91127014160156,0.0,0.0,179.97657775878906,0.0
33.82561111450195,-67.9107894897461,0.0,0.0,179.97657775878906,0.0
32.75611877441406,-67.91035461425781,0.0,0.0,179.97657775878906,0.0
31.575559616088867,-67.90987396240234,0.0,0.0,179.97657775878906,0.0
30.40220069885254,-67.90939331054688,0.0,0.0,179.97657775878906,0.0
29.3243465423584,-67.90895080566406,0.0,0.0,179.97657775878906,0.0
28.14632225036621,-67.9084701538086,0.0,0.0,179.97657775878906,0.0
27.07253074645996,-67.90803527832031,0.0,0.0,179.97657775878906,0.0
25.887922286987305,-67.90754699707031,0.0,0.0,179.97657775878906,0.0
24.716699600219727,-67.90706634521484,0.0,0.0,179.97657775878906,0.0
23.5371036529541,-67.90658569335938,0.0,0.0,179.97657775878906,0.0
22.450483322143555,-67.90614318847656,0.0,0.0,179.97657775878906,0.0
21.38210105895996,-67.90570831298828,0.0,0.0,179.97657775878906,0.0
20.314599990844727,-67.9052734375,0.0,0.0,179.97657775878906,0.0
19.2457332611084,-67.90483093261719,0.0,0.0,179.97657775878906,0.0
18.163164138793945,-67.90438842773438,0.0,0.0,179.97657775878906,0.0
16.97517967224121,-67.9039077758789,0.0,0.0,179.97657775878906,0.0
15.818388938903809,-67.90343475341797,0.0,0.0,179.97657775878906,0.0
14.658194541931152,-67.90296173095703,0.0,0.0,179.97657775878906,0.0
13.484972953796387,-67.90248107910156,0.0,0.0,179.97657775878906,0.0
12.327624320983887,-67.90200805664062,0.0,0.0,179.97657775878906,0.0
11.16654109954834,-67.90153503417969,0.0,0.0,179.97657775878906,0.0
9.995978355407715,-67.90105438232422,0.0,0.0,179.97657775878906,0.0
8.828463554382324,-67.90058135986328,0.0,0.0,179.97657775878906,0.0
7.667876243591309,-67.90010070800781,0.0,0.0,179.97657775878906,0.0
6.59733247756958,-67.90080261230469,0.0,0.0,180.13616943359375,0.0
5.548710346221924,-67.90518188476562,0.0,0.0,180.3426513671875,0.0
4.518174648284912,-67.9131851196289,0.0,0.0,180.5455780029297,0.0
3.5090646743774414,-67.92451477050781,0.0,0.0,180.74427795410156,0.0
2.592689275741577,-67.9378662109375,0.0,0.0,180.9149627685547,0.0
1.6781954765319824,-67.95247650146484,0.0,0.0,180.9149627685547,0.0
0.760267972946167,-67.96713256835938,0.0,0.0,180.9149627685547,0.0
-0.158176451921463,-67.98180389404297,0.0,0.0,180.9149627685547,0.0
-1.0855541229248047,-67.99661254882812,0.0,0.0,180.9149627685547,0.0
-2.026657819747925,-68.01123809814453,0.0,0.0,180.84449768066406,0.0
-2.964071035385132,-68.0241928100586,0.0,0.0,180.7382049560547,0.0
-4.017532825469971,-68.03668212890625,0.0,0.0,180.6187286376953,0.0
-5.039864540100098,-68.04736328125,0.0,0.0,180.59674072265625,0.0
-6.122182846069336,-68.05863952636719,0.0,0.0,180.59674072265625,0.0
-7.130126953125,-68.06913757324219,0.0,0.0,180.59674072265625,0.0
-8.147180557250977,-68.0797348022461,0.0,0.0,180.59674072265625,0.0
-9.151716232299805,-68.09019470214844,0.0,0.0,180.59674072265625,0.0
-10.162063598632812,-68.10071563720703,0.0,0.0,180.59674072265625,0.0
-11.262580871582031,-68.1121826171875,0.0,0.0,180.59674072265625,0.0
-12.344161033630371,-68.12344360351562,0.0,0.0,180.59674072265625,0.0
-13.372693061828613,-68.1341552734375,0.0,0.0,180.59674072265625,0.0
-14.438760757446289,-68.145263671875,0.0,0.0,180.59674072265625,0.0
-15.439139366149902,-68.15567779541016,0.0,0.0,180.59674072265625,0.0
-16.502656936645508,-68.16675567626953,0.0,0.0,180.59674072265625,0.0
-17.52210807800293,-68.17737579345703,0.0,0.0,180.59674072265625,0.0
-18.536479949951172,-68.18794250488281,0.0,0.0,180.59674072265625,0.0
-19.54570198059082,-68.19844818115234,0.0,0.0,180.59674072265625,0.0
-20.54930877685547,-68.20890045166016,0.0,0.0,180.59674072265625,0.0
-21.55039405822754,-68.21932983398438,0.0,0.0,180.59674072265625,0.0
-22.551219940185547,-68.22975158691406,0.0,0.0,180.59674072265625,0.0
-23.553661346435547,-68.24019622802734,0.0,0.0,180.59674072265625,0.0
-24.568618774414062,-68.25076293945312,0.0,0.0,180.59674072265625,0.0
-25.57256507873535,-68.26122283935547,0.0,0.0,180.59674072265625,0.0
-26.582578659057617,-68.27174377441406,0.0,0.0,180.59674072265625,0.0
-27.59609031677246,-68.28229522705078,0.0,0.0,180.59674072265625,0.0
-28.62336540222168,-68.29299926757812,0.0,0.0,180.59674072265625,0.0
-29.660322189331055,-68.30379486083984,0.0,0.0,180.59674072265625,0.0
-30.661001205444336,-68.31422424316406,0.0,0.0,180.59674072265625,0.0
-31.67238426208496,-68.32475280761719,0.0,0.0,180.59674072265625,0.0
-32.70610427856445,-68.33551788330078,0.0,0.0,180.59674072265625,0.0
-33.74688720703125,-68.34635925292969,0.0,0.0,180.59674072265625,0.0
-34.770198822021484,-68.35701751708984,0.0,0.0,180.59674072265625,0.0
-35.8206901550293,-68.36795806884766,0.0,0.0,180.59674072265625,0.0
-36.88519287109375,-68.3790512084961,0.0,0.0,180.59674072265625,0.0
-37.92763137817383,-68.38990783691406,0.0,0.0,180.59674072265625,0.0
-38.95104217529297,-68.40056610107422,0.0,0.0,180.59674072265625,0.0
-40.02714538574219,-68.41177368164062,0.0,0.0,180.59674072265625,0.0
-41.08419418334961,-68.42278289794922,0.0,0.0,180.59674072265625,0.0
-42.16731262207031,-68.43406677246094,0.0,0.0,180.59674072265625,0.0
-43.19756317138672,-68.44479370117188,0.0,0.0,180.59674072265625,0.0
-44.250213623046875,-68.45575714111328,0.0,0.0,180.59674072265625,0.0
-45.33613204956055,-68.46707153320312,0.0,0.0,180.59674072265625,0.0
-46.349910736083984,-68.47763061523438,0.0,0.0,180.59674072265625,0.0
-47.380218505859375,-68.48835754394531,0.0,0.0,180.59674072265625,0.0
-48.4163932800293,-68.49915313720703,0.0,0.0,180.59674072265625,0.0
-49.45444107055664,-68.50996398925781,0.0,0.0,180.59674072265625,0.0
-50.529117584228516,-68.52115631103516,0.0,0.0,180.59674072265625,0.0
-51.6297492980957,-68.5326156616211,0.0,0.0,180.59674072265625,0.0
-52.64874267578125,-68.54322814941406,0.0,0.0,180.59674072265625,0.0
-53.74789810180664,-68.55467987060547,0.0,0.0,180.59674072265625,0.0
-54.79215621948242,-68.56555938720703,0.0,0.0,180.59674072265625,0.0
-55.828887939453125,-68.57635498046875,0.0,0.0,180.59674072265625,0.0
-56.88401794433594,-68.58734130859375,0.0,0.0,180.59674072265625,0.0
-57.968814849853516,-68.59864044189453,0.0,0.0,180.59674072265625,0.0
-59.03236770629883,-68.6097183227539,0.0,0.0,180.59674072265625,0.0
-60.12567138671875,-68.62110900878906,0.0,0.0,180.59674072265625,0.0
-61.168357849121094,-68.63196563720703,0.0,0.0,180.59674072265625,0.0
-62.181087493896484,-68.64251708984375,0.0,0.0,180.59674072265625,0.0
-63.284549713134766,-68.65400695800781,0.0,0.0,180.59674072265625,0.0
-64.3782958984375,-68.66539764404297,0.0,0.0,180.59674072265625,0.0
-65.42863464355469,-68.67634582519531,0.0,0.0,180.59674072265625,0.0
-66.47528839111328,-68.68724060058594,0.0,0.0,180.59674072265625,0.0
-67.48808288574219,-68.69778442382812,0.0,0.0,180.59674072265625,0.0
-68.55509185791016,-68.70890045166016,0.0,0.0,180.59674072265625,0.0
-69.62232208251953,-68.72001647949219,0.0,0.0,180.59674072265625,0.0
-70.71646118164062,-68.73046112060547,0.0,0.0,180.201904296875,0.0
-71.93603515625,-68.71617889404297,0.0,0.0,178.45582580566406,0.0
-73.1408920288086,-68.66551971435547,0.0,0.0,176.72943115234375,0.0
-74.48368072509766,-68.56610107421875,0.0,0.0,174.8018341064453,0.0
-75.7096176147461,-68.43550872802734,0.0,0.0,173.03684997558594,0.0
-76.86840057373047,-68.27676391601562,0.0,0.0,171.36245727539062,0.0
-78.23407745361328,-68.0450668334961,0.0,0.0,169.37937927246094,0.0
-79.4538803100586,-67.79663848876953,0.0,0.0,167.59727478027344,0.0
-80.86737823486328,-67.45877075195312,0.0,0.0,165.5166778564453,0.0
-82.23302459716797,-67.0801010131836,0.0,0.0,163.48780822753906,0.0
-83.5728530883789,-66.65719604492188,0.0,0.0,161.47642517089844,0.0
-84.73777770996094,-66.24678039550781,0.0,0.0,159.70823669433594,0.0
-85.73332214355469,-65.86353302001953,0.0,0.0,158.1810760498047,0.0
-86.77996826171875,-65.42720031738281,0.0,0.0,156.55770874023438,0.0
-87.84458923339844,-64.94699096679688,0.0,0.0,154.88572692871094,0.0
-88.74137115478516,-64.51293182373047,0.0,0.0,153.45944213867188,0.0
-89.72606658935547,-64.00395965576172,0.0,0.0,151.87258911132812,0.0
-90.5374526977539,-63.558074951171875,0.0,0.0,150.54718017578125,0.0
-91.39811706542969,-63.0578498840332,0.0,0.0,149.12208557128906,0.0
-92.0349349975586,-62.6689567565918,0.0,0.0,148.05389404296875,0.0
-92.7939682006836,-62.18370056152344,0.0,0.0,146.76419067382812,0.0
-93.64112091064453,-61.612998962402344,0.0,0.0,145.30191040039062,0.0
-94.35831451416016,-61.10468292236328,0.0,0.0,144.04345703125,0.0
-95.10254669189453,-60.55156326293945,0.0,0.0,142.7160186767578,0.0
-95.6832504272461,-60.1009635925293,0.0,0.0,141.66378784179688,0.0
-96.28876495361328,-59.61248779296875,0.0,0.0,140.550048828125,0.0
-96.99757385253906,-59.015342712402344,0.0,0.0,139.22323608398438,0.0
-97.56185913085938,-58.519344329833984,0.0,0.0,138.14772033691406,0.0
-98.22628021240234,-57.91057205200195,0.0,0.0,136.85768127441406,0.0
-98.89654541015625,-57.26765441894531,0.0,0.0,135.528076171875,0.0
-99.42498779296875,-56.73907470703125,0.0,0.0,134.4580841064453,0.0
-100.06529235839844,-56.0712776184082,0.0,0.0,133.13363647460938,0.0
-100.68572998046875,-55.393619537353516,0.0,0.0,131.81832885742188,0.0
-101.26300048828125,-54.73400115966797,0.0,0.0,130.5634765625,0.0
-101.94042205810547,-53.92303466796875,0.0,0.0,129.25845336914062,0.0
-102.51005554199219,-53.213253021240234,0.0,0.0,128.2400665283203,0.0
-103.08419799804688,-52.47080612182617,0.0,0.0,127.18983459472656,0.0
-103.57243347167969,-51.81658172607422,0.0,0.0,126.27638244628906,0.0
-104.0917739868164,-51.095943450927734,0.0,0.0,125.28240966796875,0.0
-104.68887329101562,-50.233489990234375,0.0,0.0,124.10860443115234,0.0
-105.21723937988281,-49.43745422363281,0.0,0.0,123.03948211669922,0.0
-105.7759780883789,-48.55894088745117,0.0,0.0,121.87444305419922,0.0
-106.27814483642578,-47.73413848876953,0.0,0.0,120.79389953613281,0.0
-106.81336212158203,-46.81449890136719,0.0,0.0,119.60322570800781,0.0
-107.22798919677734,-46.070377349853516,0.0,0.0,118.6500244140625,0.0
-107.6689682006836,-45.24539566040039,0.0,0.0,117.603271484375,0.0
-108.1511001586914,-44.299556732177734,0.0,0.0,116.41529846191406,0.0
-108.57073974609375,-43.43446731567383,0.0,0.0,115.33938598632812,0.0
-109.01930236816406,-42.46099853515625,0.0,0.0,114.1399917602539,0.0
-109.4055404663086,-41.576942443847656,0.0,0.0,113.06045532226562,0.0
-109.81085205078125,-40.59684371948242,0.0,0.0,111.87364196777344,0.0
-110.13994598388672,-39.7557258605957,0.0,0.0,110.86296081542969,0.0
-110.51764678955078,-38.73204803466797,0.0,0.0,109.64197540283203,0.0
-110.83985137939453,-37.801090240478516,0.0,0.0,108.53960418701172,0.0
-111.18289947509766,-36.73999786376953,0.0,0.0,107.29174041748047,0.0
-111.4756088256836,-35.7657585144043,0.0,0.0,106.1534194946289,0.0
-111.77605438232422,-34.684226989746094,0.0,0.0,104.89735412597656,0.0
-112.02909088134766,-33.693336486816406,0.0,0.0,103.75296783447266,0.0
-112.26981353759766,-32.66387939453125,0.0,0.0,102.56993103027344,0.0
-112.47756958007812,-31.687402725219727,0.0,0.0,101.45280456542969,0.0
-112.68122100830078,-30.624597549438477,0.0,0.0,100.24188232421875,0.0
-112.8724136352539,-29.494346618652344,0.0,0.0,98.95915985107422,0.0
-113.02595520019531,-28.45061492919922,0.0,0.0,97.77865600585938,0.0
-113.17144012451172,-27.28618621826172,0.0,0.0,96.46553039550781,0.0
-113.28562927246094,-26.169296264648438,0.0,0.0,95.20921325683594,0.0
-113.3741226196289,-25.067108154296875,0.0,0.0,93.97188568115234,0.0
-113.43878173828125,-23.963821411132812,0.0,0.0,92.73519134521484,0.0
-113.48006439208984,-22.8413143157959,0.0,0.0,91.47825622558594,0.0
-113.49842834472656,-21.689430236816406,0.0,0.0,90.6422348022461,0.0
-113.51109313964844,-20.559429168701172,0.0,0.0,90.6422348022461,0.0
-113.52424621582031,-19.386402130126953,0.0,0.0,90.6422348022461,0.0
-113.53659057617188,-18.285099029541016,0.0,0.0,90.6422348022461,0.0
-113.54942321777344,-17.14028549194336,0.0,0.0,90.6422348022461,0.0
-113.56198120117188,-16.019777297973633,0.0,0.0,90.6422348022461,0.0
-113.57452392578125,-14.900989532470703,0.0,0.0,90.6422348022461,0.0
-113.58689880371094,-13.79706859588623,0.0,0.0,90.6422348022461,0.0
-113.59949493408203,-12.673598289489746,0.0,0.0,90.6422348022461,0.0
-113.61177825927734,-11.57746696472168,0.0,0.0,90.6422348022461,0.0
-113.62411499023438,-10.476762771606445,0.0,0.0,90.6422348022461,0.0
-113.63671875,-9.352749824523926,0.0,0.0,90.6422348022461,0.0
-113.64904022216797,-8.253381729125977,0.0,0.0,90.6422348022461,0.0
-113.66168212890625,-7.125472545623779,0.0,0.0,90.6422348022461,0.0
-113.67418670654297,-6.010358810424805,0.0,0.0,90.6422348022461,0.0
-113.68672943115234,-4.891177654266357,0.0,0.0,90.6422348022461,0.0
-113.69882202148438,-3.8128018379211426,0.0,0.0,90.6422348022461,0.0
-113.71088409423828,-2.7361903190612793,0.0,0.0,90.6422348022461,0.0
-113.72274780273438,-1.6789216995239258,0.0,0.0,90.6422348022461,0.0
-113.73480224609375,-0.6034746170043945,0.0,0.0,90.6422348022461,0.0
-113.74629211425781,0.42153453826904297,0.0,0.0,90.6422348022461,0.0
-113.75786590576172,1.4545354843139648,0.0,0.0,90.6422348022461,0.0
-113.76978302001953,2.517153739929199,0.0,0.0,90.6422348022461,0.0
-113.78191375732422,3.5998144149780273,0.0,0.0,90.6422348022461,0.0
-113.7933578491211,4.620669364929199,0.0,0.0,90.6422348022461,0.0
-113.80474853515625,5.636496543884277,0.0,0.0,90.6422348022461,0.0
-113.81637573242188,6.674132347106934,0.0,0.0,90.6422348022461,0.0
-113.82823181152344,7.7316999435424805,0.0,0.0,90.6422348022461,0.0
-113.8402328491211,8.802077293395996,0.0,0.0,90.6422348022461,0.0
-113.85240936279297,9.888346672058105,0.0,0.0,90.6422348022461,0.0
-113.86475372314453,10.98938274383545,0.0,0.0,90.6422348022461,0.0
-113.8759765625,11.990530967712402,0.0,0.0,90.6422348022461,0.0
-113.8875503540039,13.023411750793457,0.0,0.0,90.6422348022461,0.0
-113.89935302734375,14.076319694519043,0.0,0.0,90.6422348022461,0.0
-113.9111557006836,15.128901481628418,0.0,0.0,90.6422348022461,0.0
-113.92317962646484,16.201946258544922,0.0,0.0,90.6422348022461,0.0
-113.9352798461914,17.281387329101562,0.0,0.0,90.6422348022461,0.0
-113.94747161865234,18.368610382080078,0.0,0.0,90.6422348022461,0.0
-113.95943450927734,19.436084747314453,0.0,0.0,90.6422348022461,0.0
-113.97147369384766,20.510112762451172,0.0,0.0,90.6422348022461,0.0
-113.9837417602539,21.604496002197266,0.0,0.0,90.6422348022461,0.0
-113.9950180053711,22.610218048095703,0.0,0.0,90.6422348022461,0.0
-114.00724792480469,23.70111846923828,0.0,0.0,90.6422348022461,0.0
-114.01970672607422,24.813148498535156,0.0,0.0,90.6422348022461,0.0
-114.0318374633789,25.894733428955078,0.0,0.0,90.6422348022461,0.0
-114.0438461303711,26.96607208251953,0.0,0.0,90.6422348022461,0.0
-114.05608367919922,28.058216094970703,0.0,0.0,90.6422348022461,0.0
-114.06804656982422,29.12490463256836,0.0,0.0,90.6422348022461,0.0
-114.07992553710938,30.18475341796875,0.0,0.0,90.6422348022461,0.0
-114.09207153320312,31.268295288085938,0.0,0.0,90.6422348022461,0.0
-114.1043472290039,32.363651275634766,0.0,0.0,90.6422348022461,0.0
-114.11677551269531,33.4726448059082,0.0,0.0,90.6422348022461,0.0
-114.12892150878906,34.55564880371094,0.0,0.0,90.6422348022461,0.0
-114.14117431640625,35.64860534667969,0.0,0.0,90.6422348022461,0.0
-114.15310668945312,36.7135009765625,0.0,0.0,90.6422348022461,0.0
-114.16500091552734,37.7746467590332,0.0,0.0,90.6422348022461,0.0
-114.17694091796875,38.83943176269531,0.0,0.0,90.6422348022461,0.0
-114.18910217285156,39.92464828491211,0.0,0.0,90.6422348022461,0.0
-114.20111083984375,40.99589920043945,0.0,0.0,90.6422348022461,0.0
-114.21321868896484,42.07587432861328,0.0,0.0,90.6422348022461,0.0
-114.22533416748047,43.15680694580078,0.0,0.0,90.6422348022461,0.0
-114.23719787597656,44.21564865112305,0.0,0.0,90.6422348022461,0.0
-114.24910736083984,45.27796936035156,0.0,0.0,90.6422348022461,0.0
-114.26099395751953,46.33824157714844,0.0,0.0,90.6422348022461,0.0
-114.27261352539062,47.37492370605469,0.0,0.0,90.6422348022461,0.0
-114.28474426269531,48.45700454711914,0.0,0.0,90.6422348022461,0.0
-114.29645538330078,49.5020866394043,0.0,0.0,90.6422348022461,0.0
-114.30814361572266,50.544586181640625,0.0,0.0,90.6422348022461,0.0
-114.32008361816406,51.609893798828125,0.0,0.0,90.6422348022461,0.0
-114.33203125,52.675437927246094,0.0,0.0,90.6422348022461,0.0
-114.34430694580078,53.77077865600586,0.0,0.0,90.6422348022461,0.0
-114.35627746582031,54.83852005004883,0.0,0.0,90.6422348022461,0.0
-114.36800384521484,55.884376525878906,0.0,0.0,90.6422348022461,0.0
-114.37979125976562,56.93632507324219,0.0,0.0,90.6422348022461,0.0
-114.39163970947266,57.99339294433594,0.0,0.0,90.6422348022461,0.0
-114.40351104736328,59.05194091796875,0.0,0.0,90.6422348022461,0.0
-114.41474914550781,60.05485534667969,0.0,0.0,90.6422348022461,0.0
-114.42652893066406,61.10581970214844,0.0,0.0,90.6422348022461,0.0
-114.43817138671875,62.144039154052734,0.0,0.0,90.6422348022461,0.0
-114.4499740600586,63.197025299072266,0.0,0.0,90.6422348022461,0.0
-114.46187591552734,64.25867462158203,0.0,0.0,90.6422348022461,0.0
-114.47384643554688,65.32653045654297,0.0,0.0,90.6422348022461,0.0
-114.48561096191406,66.37657928466797,0.0,0.0,90.6422348022461,0.0
-114.49736785888672,67.42529296875,0.0,0.0,90.6422348022461,0.0
-114.5093002319336,68.48930358886719,0.0,0.0,90.6422348022461,0.0
-114.52116394042969,69.54779815673828,0.0,0.0,90.6422348022461,0.0
-114.53291320800781,70.59619140625,0.0,0.0,90.6422348022461,0.0
-114.54463958740234,71.64192962646484,0.0,0.0,90.6422348022461,0.0
-114.5564193725586,72.69274139404297,0.0,0.0,90.6422348022461,0.0
-114.56822204589844,73.74564361572266,0.0,0.0,90.6422348022461,0.0
-114.5799560546875,74.79249572753906,0.0,0.0,90.6422348022461,0.0
-114.59172821044922,75.85112762451172,0.0,0.0,90.54769897460938,0.0
-114.5943603515625,76.95109558105469,0.0,0.0,89.72705078125,0.0
-114.57848358154297,78.18922424316406,0.0,0.0,88.80325317382812,0.0
-114.54633331298828,79.32545471191406,0.0,0.0,87.9552001953125,0.0
-114.49850463867188,80.43850708007812,0.0,0.0,87.1240234375,0.0
-114.42488861083984,81.69747161865234,0.0,0.0,86.18310546875,0.0
-114.33927917480469,82.85003662109375,0.0,0.0,85.32083129882812,0.0
-114.22685241699219,84.09828186035156,0.0,0.0,84.38580322265625,0.0
-114.09158325195312,85.36615753173828,0.0,0.0,83.43447875976562,0.0
-113.95130920410156,86.5093765258789,0.0,0.0,82.57516479492188,0.0
-113.765380859375,87.84455871582031,0.0,0.0,81.56939697265625,0.0
-113.58016967773438,89.03022766113281,0.0,0.0,80.674072265625,0.0
-113.36251068115234,90.28996276855469,0.0,0.0,79.72027587890625,0.0
-113.10370635986328,91.64726257324219,0.0,0.0,78.68939208984375,0.0
-112.83527374267578,92.93216705322266,0.0,0.0,77.71005249023438,0.0
-112.53044128417969,94.27359008789062,0.0,0.0,76.68374633789062,0.0
-112.24214172363281,95.45013427734375,0.0,0.0,75.77996826171875,0.0
-111.88980102539062,96.78965759277344,0.0,0.0,74.74658203125,0.0
-111.52696990966797,98.07601165771484,0.0,0.0,73.7493896484375,0.0
-111.13005828857422,99.39364624023438,0.0,0.0,72.72271728515625,0.0
-110.66893005371094,100.82657623291016,0.0,0.0,71.59967041015625,0.0
-110.21532440185547,102.14974975585938,0.0,0.0,70.5560302734375,0.0
-109.7371597290039,103.46592712402344,0.0,0.0,69.51129150390625,0.0
-109.24685668945312,104.74327850341797,0.0,0.0,68.490478515625,0.0
-108.72887420654297,106.02371978759766,0.0,0.0,67.4599609375,0.0
-108.19940185546875,107.26838684082031,0.0,0.0,66.45083618164062,0.0
-107.62342071533203,108.55746459960938,0.0,0.0,65.39743041992188,0.0
-106.97911834716797,109.92868041992188,0.0,0.0,64.26708984375,0.0
-106.30403900146484,111.29452514648438,0.0,0.0,63.13037109375,0.0
-105.58788299560547,112.67323303222656,0.0,0.0,61.97125244140625,0.0
-104.841796875,114.04109191894531,0.0,0.0,60.80877685546875,0.0
-104.06593322753906,115.39725494384766,0.0,0.0,59.643096923828125,0.0
-103.32827758789062,116.630126953125,0.0,0.0,58.571197509765625,0.0
-102.59380340576172,117.80796813964844,0.0,0.0,57.53558349609375,0.0
-101.94446563720703,118.81130981445312,0.0,0.0,56.6439208984375,0.0
-101.20491790771484,119.91120147705078,0.0,0.0,55.371307373046875,0.0
-100.52436828613281,120.87091064453125,0.0,0.0,53.94575500488281,0.0
-99.80577850341797,121.83212280273438,0.0,0.0,52.491607666015625,0.0
-99.13492584228516,122.6856689453125,0.0,0.0,51.17619323730469,0.0
-98.38463592529297,123.59461212158203,0.0,0.0,49.74810791015625,0.0
-97.69609832763672,124.3897933959961,0.0,0.0,48.47361755371094,0.0
-96.91609954833984,125.24913024902344,0.0,0.0,47.06742858886719,0.0
-96.28339385986328,125.91609954833984,0.0,0.0,45.953521728515625,0.0
-95.54573059082031,126.66199493408203,0.0,0.0,44.68241882324219,0.0
-94.88727569580078,127.3006820678711,0.0,0.0,43.57093811035156,0.0
-94.12728118896484,128.0079345703125,0.0,0.0,42.313018798828125,0.0
-93.41358947753906,128.6445770263672,0.0,0.0,41.15422058105469,0.0
-92.72042846679688,129.23870849609375,0.0,0.0,40.04804992675781,0.0
-91.89572143554688,129.91615295410156,0.0,0.0,38.75486755371094,0.0
-91.16951751708984,130.48751831054688,0.0,0.0,37.63525390625,0.0
-90.32498168945312,131.12380981445312,0.0,0.0,36.354034423828125,0.0
-89.55101776123047,131.6815185546875,0.0,0.0,35.198150634765625,0.0
-88.77214813232422,132.21932983398438,0.0,0.0,34.05131530761719,0.0
-88.03253936767578,132.7091064453125,0.0,0.0,32.976470947265625,0.0
-87.28251647949219,133.185791015625,0.0,0.0,31.899703979492188,0.0
-86.35094451904297,133.7508544921875,0.0,0.0,30.57952880859375,0.0
-85.533203125,134.22311401367188,0.0,0.0,29.435348510742188,0.0
-84.58979797363281,134.74139404296875,0.0,0.0,28.131103515625,0.0
-83.73281860351562,135.18836975097656,0.0,0.0,26.959991455078125,0.0
-82.7528076171875,135.67266845703125,0.0,0.0,25.635467529296875,0.0
-81.9478530883789,136.04969787597656,0.0,0.0,24.558456420898438,0.0
-81.07982635498047,136.43585205078125,0.0,0.0,23.407333374023438,0.0
-80.07940673828125,136.85536193847656,0.0,0.0,22.0928955078125,0.0
-79.17395782470703,137.21209716796875,0.0,0.0,20.913711547851562,0.0
-78.17121124267578,137.5823516845703,0.0,0.0,19.618545532226562,0.0
-77.27186584472656,137.89276123046875,0.0,0.0,18.46575927734375,0.0
-76.28716278076172,138.20965576171875,0.0,0.0,17.212371826171875,0.0
-75.37176513671875,138.48313903808594,0.0,0.0,16.054794311523438,0.0
-74.34487915039062,138.7661590576172,0.0,0.0,14.76416015625,0.0
-73.41653442382812,139.00079345703125,0.0,0.0,13.603958129882812,0.0
-72.42381286621094,139.22975158691406,0.0,0.0,12.369522094726562,0.0
-71.36050415039062,139.45018005371094,0.0,0.0,11.053756713867188,0.0
-70.41213989257812,139.6254119873047,0.0,0.0,9.885208129882812,0.0
-69.3212661743164,139.8024139404297,0.0,0.0,8.546157836914062,0.0
-68.35383605957031,139.9375762939453,0.0,0.0,7.362579345703125,0.0
-67.26692962646484,140.06524658203125,0.0,0.0,6.03656005859375,0.0
-66.16470336914062,140.1687774658203,0.0,0.0,4.6951446533203125,0.0
-65.03185272216797,140.24815368652344,0.0,0.0,3.3191375732421875,0.0
-63.9189453125,140.29954528808594,0.0,0.0,1.9692230224609375,0.0
-62.698394775390625,140.3257293701172,0.0,0.0,0.489990234375,0.0
-61.47797775268555,140.3333740234375,0.0,0.0,0.35211181640625,0.0
-60.23119354248047,140.34103393554688,0.0,0.0,0.35211181640625,0.0
-59.02528381347656,140.34844970703125,0.0,0.0,0.35211181640625,0.0
-57.813724517822266,140.35589599609375,0.0,0.0,0.35211181640625,0.0
-56.58395004272461,140.36346435546875,0.0,0.0,0.35211181640625,0.0
-55.366981506347656,140.37094116210938,0.0,0.0,0.35211181640625,0.0
-54.11812973022461,140.37860107421875,0.0,0.0,0.35211181640625,0.0
-52.86627960205078,140.38629150390625,0.0,0.0,0.35211181640625,0.0
-51.650840759277344,140.39376831054688,0.0,0.0,0.35211181640625,0.0
-50.50213623046875,140.40081787109375,0.0,0.0,0.35211181640625,0.0
-49.34469985961914,140.40792846679688,0.0,0.0,0.35211181640625,0.0
-48.11769485473633,140.41546630859375,0.0,0.0,0.35211181640625,0.0
-46.91905212402344,140.4228515625,0.0,0.0,0.35211181640625,0.0
-45.714202880859375,140.43026733398438,0.0,0.0,0.35211181640625,0.0
-44.52737808227539,140.43756103515625,0.0,0.0,0.35211181640625,0.0
